#1. mysql> select RegNo,Name,DOB from STUDENT;
+-------+-----------+------------+
| RegNo | Name      | DOB        |
+-------+-----------+------------+
|   102 | gurusai   | 2001-04-09 |
|   396 | harish    | 2002-11-24 |
|   527 | sivareddy | 2002-03-23 |
|  1525 | ravi      | 2002-04-26 |
+-------+-----------+------------+
4 rows in set (0.00 sec)

#2. mysql> insert STUDENT values(0526,'jahnvi kapoor','F',"2001-02-13",9143143525,'mumbai');
Query OK, 1 row affected (0.01 sec)

mysql> select *from STUDENT;
+-------+---------------+--------+------------+------------+--------------+
| RegNo | Name          | Gender | DOB        | MobileNo   | City         |
+-------+---------------+--------+------------+------------+--------------+
|   102 | gurusai       | M      | 2001-04-09 | 9122884320 | srikalahasti |
|   396 | harish        | M      | 2002-11-24 | 9948932030 | chittoor     |
|   526 | jahnvi kapoor | F      | 2001-02-13 | 9143143525 | mumbai       |
|   527 | sivareddy     | M      | 2002-03-23 | 6728829320 | kadapa       |
|  1525 | ravi          | M      | 2002-04-26 | 7013025421 | tirupathi    |
+-------+---------------+--------+------------+------------+--------------+
5 rows in set (0.00 sec)

mysql> select *from STUDENT where Gender = "F";
+-------+---------------+--------+------------+------------+--------+
| RegNo | Name          | Gender | DOB        | MobileNo   | City   |
+-------+---------------+--------+------------+------------+--------+
|   526 | jahnvi kapoor | F      | 2001-02-13 | 9143143525 | mumbai |
+-------+---------------+--------+------------+------------+--------+
1 row in set (0.00 sec)
